{
    "synonym_dic": {
                    "Python": ["python"],
                    "Linux": ["linux","unix"],
                    "MySQL": ["mysql","sql","sql server","關聯式資料庫"],
                    "MongoDB": ["mongodb","非關聯式資料庫"],
                    "R": ["r","r language","r語言"],
                    "ETL": ["etl","elt","爬蟲"],
                    "Data Analysis": ["data analysis","data mining","datamining","ab testing","a/b testing","資料分析","數據分析","大數據","大數據分析","資料探勘","資料工程","資料科學","智慧製造"],
                    "Machine Learning": ["machine learning","deep learning","機器學習","深度學習","人臉辨識","臉孔辨識","影像辨識","圖形辨識","圖片辨識"],
                    "視覺化": ["Tableau","powerbi","power bi","matplotlib","視覺化"],
                    "AI": ["ai","artificial intelligence","人工智能","人工智慧"],
                    "Cloud": ["cloud","aws","gcp","azure","cloud service","cloud server","雲端服務","雲端運算","雲服務"],
                    "Kafka": ["kafka"],
                    "Docker": ["docker","容器化"]
                    }
}

